accountNo,fullName,book,classType
111111111,John Doe,Calampisawan,RESIDENTIAL
111111112,Olivia Charlotte Smith,Calampisawan,RESIDENTIAL
111111113,Noah Alexander Jones,Calampisawan,RESIDENTIAL
111111114,Emma Grace Davis,Calampisawan,RESIDENTIAL
111111115,Liam Theodore Brown,Calampisawan,RESIDENTIAL
111111116,Amelia Sophia Wilson,Calampisawan,RESIDENTIAL
111111117,Oliver James Miller,Calampisawan,RESIDENTIAL
111111118,Ava Isabella Garcia,Calampisawan,RESIDENTIAL
111111119,Elijah Mason Rodriguez,Calampisawan,RESIDENTIAL
111111120,Sophia Mia Martinez,Calampisawan,RESIDENTIAL
111111121,James Lucas Hernandez,Calampisawan,RESIDENTIAL
111111122,Isabella Ava Lopez,Calampisawan,RESIDENTIAL
111111123,Lucas Mateo Gonzalez,Calampisawan,RESIDENTIAL
111111124,Mia Charlotte Perez,Calampisawan,RESIDENTIAL
111111125,Mateo Ethan Thomas,Calampisawan,RESIDENTIAL
111111126,Charlotte Luna Taylor,Calampisawan,RESIDENTIAL
111111127,Leo Ethan Moore,Calampisawan,RESIDENTIAL
111111128,Evelyn Ava Anderson,Calampisawan,RESIDENTIAL
111111129,Mason Lucas Jackson,Calampisawan,RESIDENTIAL
111111130,Abigail Sophia White,Calampisawan,RESIDENTIAL
111111131,Ethan James Harris,Calampisawan,RESIDENTIAL
